filename:	${refdata.content.season.title.value}_BeTTV_VSR-Einteilungsliste.csv

<#setting datetime_format="iso"><#setting locale="de">
"Name";"Vorname";"Status";"Mitglied";"Schiedst f√ºr";"VSR seit";"Ausbildung";"Bevorzugt schiedsen";"Nicht schiedsen";"Postanschrift";"Anmerkung"
<#list selection as referee>
<@compress single_line=true>
"<#if referee.name??>${referee.name.value}</#if>"
;
"<#if referee.firstName??>${referee.firstName.value}</#if>"
;
"${referee.status.displayTitleShort.value}"
;
"<#if referee.member??>${referee.member.displayTitleShort.value}</#if>"
;
"<#if referee.reffor??>${referee.reffor.displayTitleShort.value}</#if>"
;
"<#if referee.firstTrainingLevel?? && referee.firstTrainingLevel.since?? >${referee.firstTrainingLevel.since.value?date['yyyy-MM-dd']?string['dd.MM.yyyy']}</#if>"
;
"<#if referee.highestTrainingLevel??>${referee.highestTrainingLevel.type.shorttitle.value}</#if>"
;
"<#list referee.prefer as prefer>${prefer.displayText.value}<#sep>, </#sep></#list>"
;
"<#list referee.avoid as avoid>${avoid.displayText.value}<#sep>, </#sep></#list>"
;
"<#list referee.address as address>${address.displayTitle.value}<#sep>, </#sep></#list>"
;
"<#if referee.remark?? >${referee.remark.value}</#if>"
</@compress>

</#list>
